{
    "$schema": "https://schema.management.azure.com/schemas/2015-01-01/deploymentParameters.json#",
    "contentVersion": "1.0.0.0",
    "parameters": {
        "serverfarms_EastUS2Plan_name": {
            "value": null
        },
        "components_zipdeployhttpfunc_name": {
            "value": null
        },
        "sites_zipdeployhttpfunc20240529083641_name": {
            "value": null
        },
        "workspaces_loganawork_zipdeployhttpfunc_name": {
            "value": null
        },
        "smartdetectoralertrules_failure_anomalies___zipdeployhttpfunc_name": {
            "value": null
        },
        "actiongroups_application_insights_smart_detection_externalid": {
            "value": null
        }
    }
}